date_ist,time_ist,symbol,company,direction,confidence,engine,reason,headline,source,link
2026-08-14,10:13:00,HONASA,Honasa Consumer Ltd.,bullish,0.9,gemini,Honasa Consumer shares jumped 4% after reporting record Q1 results and receiving strong upside forecasts from analysts.,"Honasa Consumer shares jump 4% after record Q1; Jefferies, Emkay forecast strong upside",et_markets_stocks,https://economictimes.indiatimes.com/markets/stocks/news/honasa-consumer-shares-jump-4-after-record-q1-jefferies-emkay-forecast-strong-upside/articleshow/133228847.cms
2026-08-14,10:13:01,BANKBARODA,Bank of Baroda,bullish,0.65,keyword,buy rating,"Brokerages initiate coverage on Vedanta Aluminium, Kalyan Jewellers, 3 other stocks with up to 36% upside",et_markets_stocks,https://economictimes.indiatimes.com/markets/stocks/news/brokerages-initiate-coverage-on-vedanta-aluminium-kalyan-jewellers-3-other-stocks-with-up-to-36-upside/slideshow/133228834.cms
2026-08-14,10:13:03,CANBK,Canara Bank,bullish,0.65,keyword,buy rating,"Brokerages initiate coverage on Vedanta Aluminium, Kalyan Jewellers, 3 other stocks with up to 36% upside",et_markets_stocks,https://economictimes.indiatimes.com/markets/stocks/news/brokerages-initiate-coverage-on-vedanta-aluminium-kalyan-jewellers-3-other-stocks-with-up-to-36-upside/slideshow/133228834.cms
2026-08-14,10:13:04,VEDL,Vedanta Ltd.,bullish,0.65,keyword,buy rating,"Brokerages initiate coverage on Vedanta Aluminium, Kalyan Jewellers, 3 other stocks with up to 36% upside",et_markets_stocks,https://economictimes.indiatimes.com/markets/stocks/news/brokerages-initiate-coverage-on-vedanta-aluminium-kalyan-jewellers-3-other-stocks-with-up-to-36-upside/slideshow/133228834.cms
2026-08-14,10:13:07,LGEINDIA,LG Electronics India Ltd.,bullish,0.9,gemini,The company's shares jumped 5% after reporting robust Q1 earnings and impressive profit growth.,"LG Electronics shares jump 5% after robust Q1 earnings. What are Jefferies, other brokerages saying?",et_markets_stocks,https://economictimes.indiatimes.com/markets/stocks/news/lg-electronics-shares-in-focus-after-robust-q1-earnings-should-you-buy-sell-or-hold/articleshow/133228723.cms
2026-08-14,10:13:10,TMCV,Tata Motors Ltd.,bearish,0.9,gemini,The company's shares fell 5% following weak Q1 results.,"Tata Motors PV shares fall 5% after weak Q1 results. What are Morgan Stanley, Nomura, others saying?",et_markets_stocks,https://economictimes.indiatimes.com/markets/stocks/news/tata-motors-pv-shares-fall-5-after-weak-q1-results-what-are-morgan-stanley-nomura-others-saying/articleshow/133228597.cms
2026-08-14,10:13:11,TATAMOTORS,TATAMOTORS,bearish,0.75,keyword,"plunge, shares fall","Tata Motors PV shares fall 5% after weak Q1 results. What are Morgan Stanley, Nomura, others saying?",et_markets_stocks,https://economictimes.indiatimes.com/markets/stocks/news/tata-motors-pv-shares-fall-5-after-weak-q1-results-what-are-morgan-stanley-nomura-others-saying/articleshow/133228597.cms
2026-08-14,10:13:13,BAJFINANCE,Bajaj Finance Ltd.,bullish,0.6,keyword,jump,FIIs dumped nearly Rs 1 lakh crore worth of these 10 stocks but 8 defied the selloff,et_markets_stocks,https://economictimes.indiatimes.com/markets/stocks/news/fiis-dumped-nearly-rs-1-lakh-crore-worth-of-these-10-stocks-but-8-defied-the-selloff/articleshow/133228416.cms
2026-08-14,10:13:17,HDFCBANK,HDFC Bank Ltd.,bearish,0.8,gemini,The headline indicates HDFC Bank's monthly returns reflect a concerning trend.,HDFC Bank Share Price Live Updates: HDFC Bank's monthly returns reflect a concerning trend.,et_markets_stocks,https://economictimes.indiatimes.com/markets/stocks/stock-liveblog/hdfc-bank-share-price-today-live-14-aug-2026/liveblog/133227708.cms
2026-08-14,10:13:33,GICRE,General Insurance Corporation of India,bullish,0.65,keyword,jump,"GIC Re reports 9.7% profit jump to Rs 1,922 crore driven by improved claims and underwriting",et_markets_stocks,https://economictimes.indiatimes.com/markets/stocks/earnings/gic-re-reports-9-7-profit-jump-to-rs-1922-crore-driven-by-improved-claims-and-underwriting/articleshow/133226718.cms
2026-08-14,10:13:35,HONASA,Honasa Consumer Ltd.,bullish,0.85,keyword,"record profit, strong growth, surge",Honasa Consumer Q1 Results: Mamaearth parent posts record profit of Rs 90 crore; revenue up 27% YoY,et_markets_stocks,https://economictimes.indiatimes.com/markets/stocks/earnings/honasa-consumer-q1-results-mamaearth-parent-posts-record-profit-of-rs-90-crore-revenue-up-27-yoy/articleshow/133210743.cms
2026-08-14,10:13:36,AUROPHARMA,Aurobindo Pharma Ltd.,bullish,0.75,keyword,surge,Lenskart Solutions among 7 stocks hitting 52-week highs; surge up to 20% in a month,et_markets_stocks,https://economictimes.indiatimes.com/markets/stocks/news/lenskart-solutions-among-7-stocks-hitting-52-week-highs-surge-up-to-20-in-a-month/slideshow/133210592.cms
2026-08-14,10:13:38,BSE,BSE Ltd.,bullish,0.75,keyword,surge,Lenskart Solutions among 7 stocks hitting 52-week highs; surge up to 20% in a month,et_markets_stocks,https://economictimes.indiatimes.com/markets/stocks/news/lenskart-solutions-among-7-stocks-hitting-52-week-highs-surge-up-to-20-in-a-month/slideshow/133210592.cms
2026-08-14,10:13:39,BOSCHLTD,Bosch Ltd.,bullish,0.75,keyword,surge,Lenskart Solutions among 7 stocks hitting 52-week highs; surge up to 20% in a month,et_markets_stocks,https://economictimes.indiatimes.com/markets/stocks/news/lenskart-solutions-among-7-stocks-hitting-52-week-highs-surge-up-to-20-in-a-month/slideshow/133210592.cms
2026-08-14,10:13:40,LENSKART,Lenskart Solutions Ltd.,bullish,0.75,keyword,surge,Lenskart Solutions among 7 stocks hitting 52-week highs; surge up to 20% in a month,et_markets_stocks,https://economictimes.indiatimes.com/markets/stocks/news/lenskart-solutions-among-7-stocks-hitting-52-week-highs-surge-up-to-20-in-a-month/slideshow/133210592.cms
2026-08-14,10:13:41,SOLARINDS,Solar Industries India Ltd.,bullish,0.75,keyword,surge,Lenskart Solutions among 7 stocks hitting 52-week highs; surge up to 20% in a month,et_markets_stocks,https://economictimes.indiatimes.com/markets/stocks/news/lenskart-solutions-among-7-stocks-hitting-52-week-highs-surge-up-to-20-in-a-month/slideshow/133210592.cms
2026-08-14,10:13:42,ZYDUSLIFE,Zydus Lifesciences Ltd.,bullish,0.75,keyword,surge,Lenskart Solutions among 7 stocks hitting 52-week highs; surge up to 20% in a month,et_markets_stocks,https://economictimes.indiatimes.com/markets/stocks/news/lenskart-solutions-among-7-stocks-hitting-52-week-highs-surge-up-to-20-in-a-month/slideshow/133210592.cms
2026-08-14,10:13:44,LGEINDIA,LG Electronics India Ltd.,bullish,0.75,keyword,profit rises,LG Electronics India standalone net profit rises 27.20% in the June 2026 quarter,business_standard_markets,https://www.business-standard.com/markets/capital-market-news/lg-electronics-india-standalone-net-profit-rises-27-20-in-the-june-2026-quarter-126081400551_1.html
2026-08-14,10:13:51,HAL,Hindustan Aeronautics Ltd.,bullish,0.75,keyword,rally,HAL shares rally 45% since April. Is the stock still attractive after Q1 earnings?,livemint_markets,https://www.livemint.com/market/stock-market-news/hal-shares-rally-45-since-april-is-the-stock-still-attractive-after-q1-earnings-11786626525631.html
2026-08-14,10:13:52,JMFINANCIL,JM Financial Ltd.,bullish,0.75,keyword,rally,HAL shares rally 45% since April. Is the stock still attractive after Q1 earnings?,livemint_markets,https://www.livemint.com/market/stock-market-news/hal-shares-rally-45-since-april-is-the-stock-still-attractive-after-q1-earnings-11786626525631.html
2026-08-14,10:13:54,DLF,DLF Ltd.,bullish,0.7,keyword,"expansion plan, surge",DLF maps ‘luxury ladder’ across malls as it segments retail portfolio by consumer spend,livemint_companies,https://www.livemint.com/companies/news/dlf-maps-luxury-ladder-across-malls-retail-portfolio-consumer-spending-experience-luxury-11786593552006.html
2026-08-14,10:13:56,TMCV,Tata Motors Ltd.,bearish,0.85,keyword,"profit plunges, plunge",Tata Motors PV profit plunges 79% as JLR weighs on India gains,livemint_companies,https://www.livemint.com/companies/company-results/tata-motors-pv-profit-plunges-79-as-jlr-weighs-on-india-gains-11786631718591.html
2026-08-14,10:13:57,TATAMOTORS,TATAMOTORS,bearish,0.85,keyword,"profit plunges, plunge",Tata Motors PV profit plunges 79% as JLR weighs on India gains,livemint_companies,https://www.livemint.com/companies/company-results/tata-motors-pv-profit-plunges-79-as-jlr-weighs-on-india-gains-11786631718591.html
2026-08-14,11:34:46,SAMMAANCAP,Sammaan Capital Ltd.,bearish,0.9,gemini,The company's shares fell 4% after reporting a significant decline in Q1 profit and revenue.,"Sammaan Capital shares fall 4% after Q1 profit declines 27% to Rs 243 crore, revenue drops 31%",et_markets_stocks,https://economictimes.indiatimes.com/markets/stocks/news/sammaan-capital-shares-fall-4-after-q1-profit-declines-27-to-rs-243-crore-revenue-drops-31/articleshow/133229881.cms
2026-08-14,11:34:48,VEDL,Vedanta Ltd.,bearish,0.9,gemini,Vedanta Aluminium shares tumbled up to 7% due to retreating aluminium prices and easing supply shortage concerns.,"Explained: Why Vedanta Aluminium, Hindalco, Nalco shares tumbled up to 7% on Friday",et_markets_stocks,https://economictimes.indiatimes.com/markets/stocks/news/explained-why-vedanta-aluminium-hindalco-nalco-shares-tumbled-up-to-7-on-friday/articleshow/133229710.cms
2026-08-14,11:34:51,JUBLFOOD,Jubilant Foodworks Ltd.,bullish,0.9,gemini,The shares rallied 6% after strong Q1 results and positive analyst ratings.,Jubilant Foodworks shares rally 6% after Q1 results; Bernstein sees Popeyes as strong growth driver. Should you buy?,et_markets_stocks,https://economictimes.indiatimes.com/markets/stocks/news/jubilant-foodworks-shares-rally-6-after-q1-results-bernstein-sees-popeyes-as-strong-growth-driver-should-you-buy/articleshow/133229355.cms
2026-08-14,11:34:53,JMFINANCIL,JM Financial Ltd.,bullish,0.85,keyword,"profit jumps, rally, jump","Welspun Living shares rally 11% after Q1 profit jumps 85% YoY. Should you buy, sell, or hold?",et_markets_stocks,https://economictimes.indiatimes.com/markets/stocks/news/welspun-living-shares-rally-11-after-q1-profit-jumps-85-yoy-should-you-buy-sell-or-hold/articleshow/133229244.cms
2026-08-14,11:34:54,WELSPUNLIV,Welspun Living Ltd.,bullish,0.85,keyword,"profit jumps, rally, jump","Welspun Living shares rally 11% after Q1 profit jumps 85% YoY. Should you buy, sell, or hold?",et_markets_stocks,https://economictimes.indiatimes.com/markets/stocks/news/welspun-living-shares-rally-11-after-q1-profit-jumps-85-yoy-should-you-buy-sell-or-hold/articleshow/133229244.cms
2026-08-14,11:35:10,LGEINDIA,LG Electronics India Ltd.,bullish,0.85,keyword,surge,LG Electronics India surges as Q1 PAT rises 27% YoY,business_standard_markets,https://www.business-standard.com/markets/capital-market-news/lg-electronics-india-surges-as-q1-pat-rises-27-yoy-126081400739_1.html
2026-08-14,11:35:11,HONASA,Honasa Consumer Ltd.,bullish,0.85,keyword,"rallies, hits 52-week high","Honasa Consumer rallies 5%, hits 52-week high on healthy Q1 results",business_standard_markets,https://www.business-standard.com/markets/news/honasa-consumer-rallies-5-hits-52-week-high-on-healthy-q1-results-126081400588_1.html
2026-08-14,11:35:12,JUBLFOOD,Jubilant Foodworks Ltd.,bullish,0.85,keyword,"upgraded, upgrade, jump","Jubilant FoodWorks shares jump 6% as Domino's, Popeyes drive Q1 growth",business_standard_markets,https://www.business-standard.com/markets/news/jubilant-foodworks-shares-jump-6-as-domino-s-popeyes-drive-q1-growth-126081400662_1.html
2026-08-14,13:15:21,ZEEL,Zee Entertainment Enterprises Ltd.,bullish,0.9,gemini,Shares rallied after the Securities Appellate Tribunal granted interim relief in a Sebi order.,Zee Entertainment shares rally 8% after SAT grants interim relief in Sebi order,et_markets_stocks,https://economictimes.indiatimes.com/markets/stocks/news/zee-entertainment-shares-rise-8-after-sat-grants-interim-relief-in-sebi-order/articleshow/133230722.cms
2026-08-14,13:15:24,DALBHARAT,Dalmia Bharat Ltd.,bullish,0.9,gemini,Dalmia Bharat's share price is up due to a rally in sugar stocks driven by rising domestic and global sugar prices.,"Explained: Why Balrampur Chini, Dhampur Sugar, Dalmia Bharat &amp; other sugar stocks are up 12% in 2 days",et_markets_stocks,https://economictimes.indiatimes.com/markets/stocks/news/explained-why-balrampur-chini-dhampur-sugar-dalmia-bharat-other-sugar-stocks-are-up-12-in-2-days/articleshow/133230683.cms
2026-08-14,13:15:36,360ONE,360 ONE WAM Ltd.,bullish,0.8,gemini,An analyst anticipates potential upside in 360 ONE WAM Ltd. stock.,"Oberoi Realty, 360 One, ICICI AMC: Midcaps at inflection point; what next?",business_standard_markets,https://www.business-standard.com/markets/news/oberoi-realty-360-one-icici-pru-amc-these-3-midcap-stocks-are-at-an-inflection-point-on-charts-what-next-126081400914_1.html
2026-08-14,13:15:39,OBEROIRLTY,Oberoi Realty Ltd.,bullish,0.8,gemini,An analyst anticipates potential upside in Oberoi Realty's stock.,"Oberoi Realty, 360 One, ICICI AMC: Midcaps at inflection point; what next?",business_standard_markets,https://www.business-standard.com/markets/news/oberoi-realty-360-one-icici-pru-amc-these-3-midcap-stocks-are-at-an-inflection-point-on-charts-what-next-126081400914_1.html
2026-08-14,13:15:40,ZEEL,Zee Entertainment Enterprises Ltd.,bullish,0.65,keyword,jump,"ZEEL shares jump 8% as SAT stays Sebi order, allows fundraise from promoter",business_standard_markets,https://www.business-standard.com/markets/news/zeel-shares-jump-8-as-sat-stays-sebi-order-allows-fundraise-from-promoter-126081400907_1.html
2026-08-14,13:15:43,HONASA,Honasa Consumer Ltd.,bullish,0.9,gemini,"The company's Q1 profit after tax jumped significantly year-over-year, leading to a share price increase.",Honasa Consumer rises as Q1 PAT jumps 116.5% YoY,business_standard_markets,https://www.business-standard.com/markets/capital-market-news/honasa-consumer-rises-as-q1-pat-jumps-116-5-yoy-126081400824_1.html
2026-08-14,13:15:46,BSE,BSE Ltd.,bullish,0.6,gemini,"Several companies listed on the BSE are performing well, indicating positive market activity on the exchange.",Balu Forge Industries Ltd leads gainers in 'A' group,business_standard_markets,https://www.business-standard.com/markets/capital-market-news/balu-forge-industries-ltd-leads-gainers-in-a-group-126081400823_1.html
2026-08-14,13:15:48,TMCV,Tata Motors Ltd.,bearish,0.85,keyword,"plunge, tumble",Tata Motors PV plunges after Q1 PAT tumbles 80% YoY to Rs 775 cr,business_standard_markets,https://www.business-standard.com/markets/capital-market-news/tata-motors-pv-plunges-after-q1-pat-tumbles-80-yoy-to-rs-775-cr-126081400820_1.html
2026-08-14,13:15:49,TMPV,Tata Motors Passenger Vehicles Ltd.,bearish,0.85,keyword,"plunge, tumble",Tata Motors PV plunges after Q1 PAT tumbles 80% YoY to Rs 775 cr,business_standard_markets,https://www.business-standard.com/markets/capital-market-news/tata-motors-pv-plunges-after-q1-pat-tumbles-80-yoy-to-rs-775-cr-126081400820_1.html
2026-08-14,13:15:50,TATAMOTORS,TATAMOTORS,bearish,0.85,keyword,"plunge, tumble",Tata Motors PV plunges after Q1 PAT tumbles 80% YoY to Rs 775 cr,business_standard_markets,https://www.business-standard.com/markets/capital-market-news/tata-motors-pv-plunges-after-q1-pat-tumbles-80-yoy-to-rs-775-cr-126081400820_1.html
2026-08-14,13:15:53,SAIL,Steel Authority of India Ltd.,bearish,0.9,gemini,SAIL was a top loser as the Nifty Metal index declined due to profit-taking.,"Nifty Metal tanks 3% in two days on profit-taking; NALCO, SAIL top losers",business_standard_markets,https://www.business-standard.com/markets/news/nifty-metal-tanks-3-in-two-days-on-profit-taking-nalco-sail-top-losers-126081400792_1.html
2026-08-14,13:15:55,BSE,BSE Ltd.,bullish,0.65,keyword,jump,Volumes jump at ICICI Prudential Life Insurance Company Ltd counter,business_standard_markets,https://www.business-standard.com/markets/capital-market-news/volumes-jump-at-icici-prudential-life-insurance-company-ltd-counter-126081400800_1.html
2026-08-14,13:15:56,ICICIPRULI,ICICI Prudential Life Insurance Company Ltd.,bullish,0.65,keyword,jump,Volumes jump at ICICI Prudential Life Insurance Company Ltd counter,business_standard_markets,https://www.business-standard.com/markets/capital-market-news/volumes-jump-at-icici-prudential-life-insurance-company-ltd-counter-126081400800_1.html
2026-08-14,13:15:57,LGEINDIA,LG Electronics India Ltd.,bullish,0.8,keyword,"revenue growth, rallies","LG Electronics rallies 9%; analysts bullish on margins, market expansion",business_standard_markets,https://www.business-standard.com/markets/news/lg-electronics-rallies-9-analysts-bullish-on-margins-market-expansion-126081400791_1.html
2026-08-14,14:18:48,APARINDS,Apar Industries Ltd.,bullish,0.9,gemini,"Apar Industries was identified as a top performer, more than doubling its share price during the period.",15 stocks held by 100+ MFs in July surged up to 131%; 3 turned multibaggers in CY26,et_markets_stocks,https://economictimes.indiatimes.com/markets/stocks/news/15-stocks-held-by-100-mfs-in-july-surged-up-to-131-3-turned-multibaggers-in-cy26/slideshow/133232865.cms
2026-08-14,14:18:51,ATHERENERG,Ather Energy Ltd.,bullish,0.9,gemini,"Ather Energy was identified as a top performer, with its share price more than doubling.",15 stocks held by 100+ MFs in July surged up to 131%; 3 turned multibaggers in CY26,et_markets_stocks,https://economictimes.indiatimes.com/markets/stocks/news/15-stocks-held-by-100-mfs-in-july-surged-up-to-131-3-turned-multibaggers-in-cy26/slideshow/133232865.cms
2026-08-14,14:18:54,WELCORP,Welspun Corp Ltd.,bullish,0.9,gemini,"Welspun Corp was highlighted as a top-performing stock, more than doubling its value.",15 stocks held by 100+ MFs in July surged up to 131%; 3 turned multibaggers in CY26,et_markets_stocks,https://economictimes.indiatimes.com/markets/stocks/news/15-stocks-held-by-100-mfs-in-july-surged-up-to-131-3-turned-multibaggers-in-cy26/slideshow/133232865.cms
2026-08-14,14:18:57,TCS,Tata Consultancy Services Ltd.,bullish,0.85,gemini,The strategic partnership with Vodafone Business is expected to generate new revenue streams and strengthen TCS's market position.,TCS announces strategic partnership with Vodafone biz,business_standard_markets,https://www.business-standard.com/markets/capital-market-news/tcs-announces-strategic-partnership-with-vodafone-biz-126081401021_1.html
2026-08-14,14:19:00,BANKBARODA,Bank of Baroda,bullish,0.8,gemini,"Raising USD 700M in senior notes strengthens the bank's capital base, which is generally positive for its share price.",Bank of Baroda raises USD 700M Senior Notes,business_standard_markets,https://www.business-standard.com/markets/capital-market-news/bank-of-baroda-raises-usd-700m-senior-notes-126081401003_1.html
2026-08-14,14:19:02,VOLTAS,Voltas Ltd.,bullish,0.9,gemini,The headline explicitly states Voltas rallied up to 10% along with other consumer durable stocks.,"Consumer durable stocks in demand: LG India, Bata, Voltas rally up to 10%",business_standard_markets,https://www.business-standard.com/markets/news/consumer-durable-stocks-in-demand-lg-india-bata-voltas-rally-up-to-10-126081400970_1.html
2026-08-14,14:19:06,ASHOKLEY,Ashok Leyland Ltd.,bullish,0.85,gemini,"Ashok Leyland reported an increase in net profit and revenue, along with record commercial vehicle volumes for the quarter.","Ashok Leyland Q1 Results: Net profit rises 2.59% YoY to  ₹609 crore, revenue up 10.4%",livemint_markets,https://www.livemint.com/market/stock-market-news/ashok-leyland-q1-results-net-profit-rises-2-59-yoy-to-rs-609-crore-revenue-up-104-11786694997036.html
2026-08-14,15:16:04,IDFCFIRSTB,IDFC First Bank Ltd.,bullish,0.9,gemini,"S&P assigned an inaugural investment-grade rating to the bank, which is a strong positive signal for its financial health and access to funding.",S&amp;P assigns investment-grade rating to IDFC FIRST Bank. Can it lift the stock?,et_markets_stocks,https://economictimes.indiatimes.com/markets/stocks/news/sp-assigns-investment-grade-rating-to-idfc-first-bank-can-it-lift-the-stock/articleshow/133234206.cms
2026-08-14,15:16:09,CHOLAHLDNG,Cholamandalam Financial Holdings Ltd.,bullish,0.9,gemini,The company reported a substantial increase in both net profit and sales for the quarter.,Cholamandalam Financial Holdings standalone net profit rises 107.58% in the June 2026 quarter,business_standard_markets,https://www.business-standard.com/markets/capital-market-news/cholamandalam-financial-holdings-standalone-net-profit-rises-107-58-in-the-june-2026-quarter-126081401120_1.html
2026-08-14,15:16:12,3MINDIA,3M India Ltd.,bullish,0.9,gemini,The company reported strong growth in both net profit and sales for the quarter.,3M India standalone net profit rises 31.17% in the June 2026 quarter,business_standard_markets,https://www.business-standard.com/markets/capital-market-news/3m-india-standalone-net-profit-rises-31-17-in-the-june-2026-quarter-126081401101_1.html
2026-08-14,15:16:17,WELSPUNLIV,Welspun Living Ltd.,bullish,0.75,keyword,"surge, jump",Volumes jump at Welspun Living Ltd counter,business_standard_markets,https://www.business-standard.com/markets/capital-market-news/volumes-jump-at-welspun-living-ltd-counter-126081401084_1.html
2026-08-14,15:16:19,ZEEL,Zee Entertainment Enterprises Ltd.,bullish,0.65,keyword,surge,Zee Entertainment spurts after SAT grants interim relief in SEBI case,business_standard_markets,https://www.business-standard.com/markets/capital-market-news/zee-entertainment-spurts-after-sat-grants-interim-relief-in-sebi-case-126081401059_1.html
2026-08-14,15:16:21,WELSPUNLIV,Welspun Living Ltd.,bullish,0.65,keyword,jump,Welspun Living jumps 12% as Q1 profit rose 83%; MOFSL flags volume recovery,business_standard_markets,https://www.business-standard.com/markets/news/welspun-living-jump-12-as-q1-profit-rose-83-mofsl-flags-volume-recovery-126081401033_1.html
2026-08-14,15:16:22,TMCV,Tata Motors Ltd.,bearish,0.85,keyword,"profit drops, tumble, shares fell",Tata Motors PV shares tumble 6% after net profit drops in Q1; analysts stay cautious,livemint_markets,https://www.livemint.com/market/tata-motors-pv-shares-tumble-6-after-net-profit-drops-in-q1-analysts-stay-cautious-11786697421433.html
2026-08-14,15:16:26,TMPV,Tata Motors Passenger Vehicles Ltd.,bearish,0.9,gemini,The shares have already fallen 6% due to a significant drop in net profit and cautious analyst sentiment.,Tata Motors PV shares tumble 6% after net profit drops in Q1; analysts stay cautious,livemint_markets,https://www.livemint.com/market/tata-motors-pv-shares-tumble-6-after-net-profit-drops-in-q1-analysts-stay-cautious-11786697421433.html
2026-08-14,15:16:27,TATAMOTORS,TATAMOTORS,bearish,0.85,keyword,"profit drops, tumble, shares fell",Tata Motors PV shares tumble 6% after net profit drops in Q1; analysts stay cautious,livemint_markets,https://www.livemint.com/market/tata-motors-pv-shares-tumble-6-after-net-profit-drops-in-q1-analysts-stay-cautious-11786697421433.html
2026-08-14,15:16:28,BSE,BSE Ltd.,bullish,0.6,keyword,jump,Penny stock under  ₹1 hits 5% upper circuit despite muted trends on Dalal Street,livemint_markets,https://www.livemint.com/market/stock-market-news/penny-stock-under-1-ncl-research-and-financial-services-hits-5-upper-circuit-despite-muted-trends-on-dalal-street-11786696692515.html
2026-08-14,16:11:41,NATCOPHARM,NATCO Pharma Ltd.,bearish,0.75,keyword,profit falls,Natco Pharma Q1 profit falls 57 pc to Rs 206.5 cr,et_markets_stocks,https://economictimes.indiatimes.com/markets/stocks/earnings/natco-pharma-q1-profit-falls-57-pc-to-rs-206-5-cr/articleshow/133236198.cms
2026-08-14,16:11:46,CHOLAHLDNG,Cholamandalam Financial Holdings Ltd.,bullish,0.75,keyword,profit rises,Cholamandalam Financial Holdings consolidated net profit rises 39.32% in the June 2026 quarter,business_standard_markets,https://www.business-standard.com/markets/capital-market-news/cholamandalam-financial-holdings-consolidated-net-profit-rises-39-32-in-the-june-2026-quarter-126081401160_1.html
2026-08-14,16:11:48,BDL,Bharat Dynamics Ltd.,bullish,0.75,keyword,profit rises,Bharat Dynamics standalone net profit rises 547.36% in the June 2026 quarter,business_standard_markets,https://www.business-standard.com/markets/capital-market-news/bharat-dynamics-standalone-net-profit-rises-547-36-in-the-june-2026-quarter-126081401154_1.html
2026-08-14,16:57:41,ADANIENSOL,Adani Energy Solutions Ltd.,bullish,0.9,gemini,The company's shares ended 2% higher after acquiring Vizag Power Transmission.,Adani Energy Solution shares end 2% higher after acquiring Vizag Power Transmission,et_markets_stocks,https://economictimes.indiatimes.com/markets/stocks/news/adani-energy-solution-shares-end-2-higher-after-acquiring-vizag-power-transmission/articleshow/133238587.cms
2026-08-14,16:57:49,BDL,Bharat Dynamics Ltd.,bullish,0.85,keyword,surge,"Bharat Dynamics Q1 results: Profit sees sixfold increase, revenue surges 131% YoY",livemint_markets,https://www.livemint.com/market/stock-market-news/bharat-dynamics-q1-results-2026-profit-sees-sixfold-increase-revenue-surges-131-yoy-11786705115010.html
2026-08-17,09:12:01,MCX,Multi Commodity Exchange of India Ltd.,bullish,0.85,gemini,Multiple analysts upgraded MCX to 'Buy' and it is a common holding among top-performing mutual funds.,One common stock across 6 top performing mutual funds: Is MCX a signal or a crowded trade?,et_markets_stocks,https://economictimes.indiatimes.com/markets/stocks/news/one-common-stock-across-6-top-performing-mutual-funds-is-mcx-a-signal-or-a-crowded-trade/articleshow/133285869.cms
2026-08-17,09:12:05,ASHOKLEY,Ashok Leyland Ltd.,bullish,0.65,gemini,"Analysts remain positive on the stock, citing strong demand and growth prospects, despite some margin decline.","Ashok Leyland shares in focus after Q1 results. What are Citi, Nomura analysts saying?",et_markets_stocks,https://economictimes.indiatimes.com/markets/stocks/news/ashok-leyland-shares-in-focus-after-q1-results-what-are-citi-nomura-analysts-saying/articleshow/133285845.cms
2026-08-17,09:12:09,BSE,BSE Ltd.,bullish,0.7,gemini,The IPO allotment and expected strong listing pop for Behari Lal Engineering suggest increased activity and potential revenue for the BSE exchange.,Behari Lal Engineering allotment likely today; GMP at 30%. Here’s how to check status,et_markets_stocks,https://economictimes.indiatimes.com/markets/stocks/news/behari-lal-engineering-allotment-likely-today-gmp-at-30-heres-how-to-check-status/articleshow/133285794.cms
2026-08-17,09:12:12,ONGC,Oil & Natural Gas Corporation Ltd.,bullish,0.9,gemini,ONGC was explicitly named as one of the five companies significantly contributing to Nifty's 10-quarter high profit growth.,"Picture perfect quarter? Nifty profit growth hits a 10-quarter high, but 5 stocks do the heavy lifting",et_markets_stocks,https://economictimes.indiatimes.com/markets/stocks/news/picture-perfect-quarter-nifty-profit-growth-hits-a-10-quarter-high-but-5-stocks-do-the-heavy-lifting/articleshow/133285622.cms
2026-08-17,09:12:23,COCHINSHIP,Cochin Shipyard Ltd.,bearish,0.8,gemini,"Cochin Shipyard reported a profit decline, which is typically a negative indicator for its share price.","Stocks in news: Cochin Shipyard, Voltas, Patanjali Foods, and PhysicsWallah",et_markets_stocks,https://economictimes.indiatimes.com/markets/stocks/news/stocks-in-news-cochin-shipyard-voltas-patanjali-foods-and-physicswallah/articleshow/133279798.cms
2026-08-17,09:12:24,NMDC,NMDC Ltd.,bullish,0.65,keyword,surge,"Stocks in news: Cochin Shipyard, Voltas, Patanjali Foods, and PhysicsWallah",et_markets_stocks,https://economictimes.indiatimes.com/markets/stocks/news/stocks-in-news-cochin-shipyard-voltas-patanjali-foods-and-physicswallah/articleshow/133279798.cms
2026-08-17,09:12:27,PATANJALI,Patanjali Foods Ltd.,bullish,0.8,gemini,"Patanjali Foods reported an increase in profits, which is generally positive for its share price.","Stocks in news: Cochin Shipyard, Voltas, Patanjali Foods, and PhysicsWallah",et_markets_stocks,https://economictimes.indiatimes.com/markets/stocks/news/stocks-in-news-cochin-shipyard-voltas-patanjali-foods-and-physicswallah/articleshow/133279798.cms
2026-08-17,09:12:28,PWL,Physicswallah Ltd.,bullish,0.65,keyword,surge,"Stocks in news: Cochin Shipyard, Voltas, Patanjali Foods, and PhysicsWallah",et_markets_stocks,https://economictimes.indiatimes.com/markets/stocks/news/stocks-in-news-cochin-shipyard-voltas-patanjali-foods-and-physicswallah/articleshow/133279798.cms
2026-08-17,09:12:37,VOLTAS,Voltas Ltd.,bullish,0.9,gemini,"Voltas reported a significant profit surge, which is a positive indicator for its share price.","Stocks in news: Cochin Shipyard, Voltas, Patanjali Foods, and PhysicsWallah",et_markets_stocks,https://economictimes.indiatimes.com/markets/stocks/news/stocks-in-news-cochin-shipyard-voltas-patanjali-foods-and-physicswallah/articleshow/133279798.cms
2026-08-17,09:12:39,BANKINDIA,Bank of India,bearish,0.75,keyword,"downgraded, downgrade",RBI moves to distance self from bank deposit ratings,et_markets_stocks,https://economictimes.indiatimes.com/markets/stocks/news/rbi-moves-to-distance-self-from-bank-deposit-ratings/articleshow/133284278.cms
2026-08-17,09:12:43,AXISBANK,Axis Bank Ltd.,bullish,0.8,gemini,Analysts project significant upside potential for Axis Bank's share price over the next 12 months.,9 Sensex stocks with up to 41% upside potential. Are these in your portfolio?,et_markets_stocks,https://economictimes.indiatimes.com/markets/stocks/news/9-sensex-stocks-with-up-to-41-upside-potential-are-these-in-your-portfolio/slideshow/133271796.cms
2026-08-17,09:12:46,BANDHANBNK,Bandhan Bank Ltd.,bullish,0.65,keyword,bonus issue,"Bonus, stock splits &amp; dividends: Bandhan Bank, MGL, Mazagon Dock among nearly 100 stocks turning ex-record date this week",et_markets_stocks,https://economictimes.indiatimes.com/markets/stocks/news/bonus-stock-splits-dividends-bandhan-bank-mgl-mazagon-dock-among-nearly-100-stocks-turning-ex-record-date-this-week/articleshow/133270824.cms
2026-08-17,09:12:50,LICHSGFIN,LIC Housing Finance Ltd.,bearish,0.8,gemini,"The stock is turning ex-record date for corporate actions, which typically leads to a mechanical downward adjustment in its share price.","Bonus, stock splits &amp; dividends: Bandhan Bank, MGL, Mazagon Dock among nearly 100 stocks turning ex-record date this week",et_markets_stocks,https://economictimes.indiatimes.com/markets/stocks/news/bonus-stock-splits-dividends-bandhan-bank-mgl-mazagon-dock-among-nearly-100-stocks-turning-ex-record-date-this-week/articleshow/133270824.cms
2026-08-17,09:12:52,MGL,Mahanagar Gas Ltd.,bullish,0.65,keyword,bonus issue,"Bonus, stock splits &amp; dividends: Bandhan Bank, MGL, Mazagon Dock among nearly 100 stocks turning ex-record date this week",et_markets_stocks,https://economictimes.indiatimes.com/markets/stocks/news/bonus-stock-splits-dividends-bandhan-bank-mgl-mazagon-dock-among-nearly-100-stocks-turning-ex-record-date-this-week/articleshow/133270824.cms
2026-08-17,09:13:09,TATACAP,Tata Capital Ltd.,bullish,0.4,gemini,"Tata Capital is mentioned as a major player associated with Keertana Finserv, which is poised for growth in the expanding gold loan sector.",Neo Wealth buys a 9.9% stake in Keertana Finserv,et_markets_stocks,https://economictimes.indiatimes.com/markets/stocks/news/neo-wealth-buys-a-9-6-stake-in-keertana-finserv/articleshow/133249881.cms
2026-08-17,09:13:13,PATANJALI,Patanjali Foods Ltd.,bullish,0.9,gemini,"The company reported strong Q1 results with significant growth in revenue, profit, and EBITDA, along with interim dividend declarations.","Patanjali Foods Q1 Results: Gross profit rises 35% YoY to Rs 1,521 crore",et_markets_stocks,https://economictimes.indiatimes.com/markets/stocks/earnings/patanjali-foods-q1-results-gross-profit-rises-35-yoy-to-rs-1521-crore/articleshow/133246238.cms
2026-08-17,09:13:15,URBANCO,Urban Company Ltd.,bearish,0.8,gemini,A major investor offloading a significant stake typically increases supply and puts downward pressure on the stock price.,Accel India IV offloads 1.3 pc stake in Urban Company,et_markets_stocks,https://economictimes.indiatimes.com/markets/stocks/news/accel-india-iv-offloads-1-3-pc-stake-in-urban-company/articleshow/133245881.cms
2026-08-17,09:13:21,ASHOKLEY,Ashok Leyland Ltd.,bullish,0.8,gemini,"The company reported a rise in profit and a significant jump in revenue, supported by record commercial vehicle sales.","Ashok Leyland Q1 profit rises 2% as revenue jumps 10% to Rs 10,750 crore",et_markets_stocks,https://economictimes.indiatimes.com/markets/stocks/earnings/ashok-leyland-q1-profit-rises-2-as-revenue-jumps-10-to-rs-10750-crore/articleshow/133245820.cms
2026-08-17,09:13:22,COCHINSHIP,Cochin Shipyard Ltd.,bearish,0.7,keyword,profit falls,"Cochin Shipyard Q1 Results: Profit falls 19% YoY to Rs 151 crore, revenue up marginally",et_markets_stocks,https://economictimes.indiatimes.com/markets/stocks/news/cochin-shipyard-q1-results-profit-falls-19-yoy-to-rs-151-crore-revenue-up-marginally/articleshow/133243674.cms
2026-08-17,09:13:25,PIDILITIND,Pidilite Industries Ltd.,bullish,0.9,gemini,The news summary explicitly states that Pidilite Industries gained 7%.,Galaxy Surfactants among 5 commodities stocks that hit 52-week highs and surged up to 28% in a month,et_markets_stocks,https://economictimes.indiatimes.com/markets/stocks/news/galaxy-surfactants-among-5-commodities-stocks-that-hit-52-week-highs-and-surged-up-to-28-in-a-month/slideshow/133240606.cms
2026-08-17,09:13:26,COCHINSHIP,Cochin Shipyard Ltd.,bullish,0.6,keyword,jump,"Stock Alert: Reliance Inds, Voltas, Patanjali Foods, NMDC, Cochin Shipyard",business_standard_markets,https://www.business-standard.com/markets/capital-market-news/stock-alert-reliance-inds-voltas-patanjali-foods-nmdc-cochin-shipyard-126081700100_1.html
2026-08-17,09:13:27,NMDC,NMDC Ltd.,bullish,0.6,keyword,jump,"Stock Alert: Reliance Inds, Voltas, Patanjali Foods, NMDC, Cochin Shipyard",business_standard_markets,https://www.business-standard.com/markets/capital-market-news/stock-alert-reliance-inds-voltas-patanjali-foods-nmdc-cochin-shipyard-126081700100_1.html
2026-08-17,09:13:28,PATANJALI,Patanjali Foods Ltd.,bullish,0.6,keyword,jump,"Stock Alert: Reliance Inds, Voltas, Patanjali Foods, NMDC, Cochin Shipyard",business_standard_markets,https://www.business-standard.com/markets/capital-market-news/stock-alert-reliance-inds-voltas-patanjali-foods-nmdc-cochin-shipyard-126081700100_1.html
2026-08-17,09:13:31,VOLTAS,Voltas Ltd.,bullish,0.9,gemini,Voltas reported a significant increase in both net profit and net sales for Q1 FY27.,"Stock Alert: Reliance Inds, Voltas, Patanjali Foods, NMDC, Cochin Shipyard",business_standard_markets,https://www.business-standard.com/markets/capital-market-news/stock-alert-reliance-inds-voltas-patanjali-foods-nmdc-cochin-shipyard-126081700100_1.html
2026-08-17,09:13:39,MARUTI,Maruti Suzuki India Ltd.,bullish,0.65,keyword,rally,Maruti Suzuki best placed to gain from alternative-fuel shift: Analysts,business_standard_markets,https://www.business-standard.com/markets/news/maruti-suzuki-best-placed-to-gain-from-alternative-fuel-shift-analysts-126081700060_1.html
2026-08-17,09:14:00,GICRE,General Insurance Corporation of India,bearish,0.9,gemini,The significant decline in consolidated net profit and sales is likely to negatively impact the share price.,General Insurance Corporation of India consolidated net profit declines 31.10% in the June 2026 quarter,business_standard_markets,https://www.business-standard.com/markets/capital-market-news/general-insurance-corporation-of-india-consolidated-net-profit-declines-31-10-in-the-june-2026-quarter-126081501146_1.html
2026-08-17,09:14:03,BATAINDIA,Bata India Ltd.,bullish,0.9,gemini,An analyst recommended Bata India as a short-term buy due to emerging bullish setups.,"Stocks to buy for short term: BDL, Bata India among 3 shares Anand Rathi's Jigar Patel recommends for the next 1-2 weeks",livemint_markets,https://www.livemint.com/market/stock-market-news/stocks-to-buy-for-short-term-bdl-bata-india-among-3-shares-anand-rathis-jigar-patel-recommends-for-the-next-1-2-weeks-11786934823182.html
2026-08-17,09:14:16,ASHOKLEY,Ashok Leyland Ltd.,bearish,0.8,gemini,Mahindra's expansion into heavier commercial vehicle segments will increase competition for Ashok Leyland.,Mahindra looks to plug gaps in its commercial vehicle push,livemint_companies,https://www.livemint.com/companies/mahindra-looks-to-plug-gaps-in-its-commercial-vehicle-push-11786706958796.html
2026-08-17,09:55:14,VOLTAS,Voltas Ltd.,bullish,0.75,keyword,surge,"Voltas shares in focus after Q1 profit surges 52%. Buy, Sell or Hold?",et_markets_stocks,https://economictimes.indiatimes.com/markets/stocks/news/voltas-shares-in-focus-after-q1-profit-surges-52-buy-sell-or-hold/articleshow/133286071.cms
2026-08-17,09:55:17,PATANJALI,Patanjali Foods Ltd.,bullish,0.9,gemini,"The company reported a significant 86% year-over-year jump in Q1 profit and a 29% rise in revenue, indicating strong financial performance.","Patanjali Foods shares in focus after Q1 profit jumps 86% YoY, revenue rises to Rs 11,337 crore",et_markets_stocks,https://economictimes.indiatimes.com/markets/stocks/news/patanjali-foods-shares-in-focus-after-q1-profit-jumps-86-yoy-revenue-rises-to-rs-11337-crore/articleshow/133286043.cms
2026-08-17,09:55:21,ULTRACEMCO,UltraTech Cement Ltd.,bearish,0.9,gemini,The headline reports UltraTech Cement's share price declined below its 100-day Simple Moving Average.,UltraTech Cem Share Price Live Updates: UltraTech Cement's Price Decline Below 100-Day SMA,et_markets_stocks,https://economictimes.indiatimes.com/markets/stocks/stock-liveblog/ultratech-cem-share-price-live-updates-17-aug-2026/liveblog/133285284.cms
